individuals	species	genetree1.tre	genetree10.tre	genetree2.tre	genetree3.tre	genetree4.tre	genetree5.tre	genetree6.tre	genetree7.tre	genetree8.tre	genetree9.tre
1	ind1	A	0	2	0	1	0	0	2	0	1	3
2	ind2	A	0	1	0	1	0	0	2	0	1	2
3	ind3	A	0	1	0	1	0	0	2	0	1	2
4	ind4	B	0	1	0	0	0	0	2	0	0	2
5	ind5	B	0	1	0	0	0	0	2	0	0	2
6	ind6	B	0	1	0	0	0	0	2	2	0	2
7	ind7	C	0	1	0	0	0	0	0	1	1	1
8	ind8	C	0	2	0	0	0	0	1	0	1	1
9	ind9	C	0	1	0	0	0	0	0	1	1	1
10	ind10	D	0	0	0	0	0	0	1	1	1	1
11	ind11	D	0	0	0	0	0	0	8	4	4	1
12	ind12	D	0	0	0	0	0	0	1	1	1	7
13	XLt	-	0	5	0	1	0	0	15	8	7	11
